investigador,publicaciones_2014_2026,publicaciones_2022_2026,proyectos_2014_2026,proyectos_2022_2026
Adriana Marín Toro,17,12,2,2
Alejandro Garretón,2,1,4,0
Alfred Thiers Jusan,2,0,1,0
Andrés Garcés Alzamora,12,6,11,1
Anna Braghini,19,14,3,3
Arturo Chicano Jiménez,8,5,1,0
Daniela Salgado Cofré,17,10,19,12
David Luza Cornejo,11,2,8,1
Emanuela Di Felice,32,16,7,6
Erick Caro,0,0,1,0
Herbert Spencer González,32,17,19,4
Isabel M. Reyes,4,1,1,0
Iván Ivelic Yanes,8,4,10,5
Jaime Reyes Gil,19,7,7,4
Jorge Ferrada Herrera,5,2,1,1
Juan Carlos Jeldes Pontio,12,4,10,3
Katherine Exss Cid,30,21,15,6
Leonardo Aravena,1,1,3,2
Lorena Herrera Ponce,6,1,3,2
Manuel Sanfuentes,6,2,4,0
Marcelo Araya Aravena,6,1,5,0
Michèle Wilkomirsky Uribe,11,4,6,2
Rodrigo Saavedra Venegas,10,2,9,3
Sylvia Arriagada Cordero,4,1,4,0
Ursula Exss Cid,21,11,11,7
Álvaro Mercado Jara,18,13,17,11
Óscar Andrade Castro,9,2,9,6
